given_name,gender,sect_id,cond
名字,性别(男/女),宗门ID(空=散修),条件(暂不用)
XiaoYao,男,,
WuJi,男,,
TianXing,男,,
LingYun,男,,
PoXiao,男,,
ZhanFeng,男,,
YuFeng,男,,
ZhuiXing,男,,
JingTian,男,,
QingYuan,男,,
XuanJi,男,,
TianJiao,男,,
WuShuang,男,,
JingHong,男,,
JueChen,男,,
AoTian,男,,
JianXin,男,,
FengHua,男,,
WuChen,男,,
TianQi,男,,
MoRan,男,,
LingXiao,男,,
TianYu,男,,
XingChen,男,,
FeiXue,男,,
YouMing,男,,
TianLai,男,,
PoJun,男,,
ShenWei,男,,
WuHen,男,,
TianCe,男,,
JianHun,男,,
FengLiu,男,,
JueShi,男,,
TianMing,男,,
FuYao,男,,
AoGu,男,,
XingHe,男,,
TianJi,男,,
FengYun,男,,
TianCheng,男,,
WuYou,男,,
PoKong,男,,
LingBo,男,,
TianYa,男,,
FengChen,男,,
XuanLing,男,,
TianQue,男,,
YuanHeng,男,,
JianChen,男,,
YunXiao,男,,
QingXuan,男,,
XuanXiao,男,,
CangLan,男,,
DuanChen,男,,
QingChen,男,,
ChengYing,男,,
HanYue,男,,
ChenXu,男,,
PoZhen,男,,
BeiChen,男,,
NanDou,男,,
QingMing,男,,
TaiXu,男,,
XuanKong,男,,
ChangSheng,男,,
HanChuan,男,,
HanXing,男,,
JingLei,男,,
CangQiong,男,,
ChenYuan,男,,
ChiXiao,男,,
YanTing,男,,
ZhuShuang,男,,
XiaoYue,男,,
ZhuFeng,男,,
QingQiong,男,,
XuanShuang,男,,
BaiYu,男,,
QingYu,男,,
ZiXiao,男,,
YunHeng,男,,
XingHeng,男,,
CangHai,男,,
TingXiao,男,,
QingTian,男,,
GuChuan,男,,
GuHong,男,,
MoBai,男,,
QingYue,男,,
QingLin,男,,
YuFeng,男,,
ZhongLou,男,,
HanZhou,男,,
XingLan,男,,
ZiLing,男,,
YuanCheng,男,,
XingZhou,男,,
LingHan,男,,
QingShuang,男,,
RuXue,女,,
RuoMeng,女,,
NingXiang,女,,
ZiXia,女,,
YueHua,女,,
QingYin,女,,
DieWu,女,,
HuaYan,女,,
YaYun,女,,
ShiHan,女,,
JingWen,女,,
MuRong,女,,
WanEr,女,,
RouQing,女,,
NiChang,女,,
WanYan,女,,
RuYan,女,,
MiaoYin,女,,
BingXin,女,,
YuYan,女,,
RuYu,女,,
QingYing,女,,
MengYao,女,,
ZiYan,女,,
ShuangHua,女,,
RuoShui,女,,
QingLian,女,,
XueEr,女,,
HuiXin,女,,
SuYi,女,,
RuYi,女,,
ShiYu,女,,
MengDie,女,,
ZiXuan,女,,
BingLian,女,,
RuoLan,女,,
QingYa,女,,
XueMei,女,,
MuXue,女,,
TianYin,女,,
RuFeng,女,,
ShiYun,女,,
MengYun,女,,
ZiYan,女,,
BingXue,女,,
RuoShuang,女,,
QingQiu,女,,
XueLian,女,,
MuNing,女,,
TianXiang,女,,
YueYing,女,,
QingYi,女,,
SuXin,女,,
ShuangNing,女,,
QingHuan,女,,
MuXue,女,,
YueLing,女,,
YunLan,女,,
LingXi,女,,
LengYue,女,,
BingYao,女,,
XuanYue,女,,
QingXuan,女,,
ZiNing,女,,
XueYuan,女,,
JiangNi,女,,
FeiYan,女,,
LiuSu,女,,
MoQin,女,,
DuanQing,女,,
YuLin,女,,
GuiWan,女,,
LinYuan,女,,
ChanJuan,女,,
TingXue,女,,
NingShuang,女,,
LanYan,女,,
ShuYing,女,,
QingXiao,女,,
LiuYing,女,,
YeLan,女,,
SuJin,女,,
JinSe,女,,
GuYuan,女,,
QingLuo,女,,
BiLuo,女,,
FeiShuang,女,,
WuShuang,女,,
MingYue,女,,
JiaoYue,女,,
ZuiHua,女,,
BanXia,女,,
ChuJi,女,,
BaiZhi,女,,
QingDai,女,,
LingYun,女,,
QiLuo,女,,
ChuQing,女,,
HanYan,女,,
YueLong,女,,
ChengChuan,男,1,
HongShi,男,1,
PanYue,男,1,
TingDai,男,1,
JiLan,男,1,
JiuAn,男,1,
ChenQiu,男,1,
ShuoLi,男,1,
CangYue,男,1,
LiFeng,男,1,
YanZhou,男,1,
YuanGe,男,1,
CaiWei,女,1,
FeiLan,女,1,
ShaoHua,女,1,
QiLan,女,1,
ZhuYing,女,1,
YuanXiu,女,1,
RuoShui,女,1,
NingXiang,女,1,
XueYao,女,1,
NanXu,女,1,
QingLuo,女,1,
WanZhu,女,1,
TuoWang,男,2,
FeiXiong,男,2,
HuPo,男,2,
LangXing,男,2,
XiongGang,男,2,
BaiYuan,男,2,
ShiJian,男,2,
ShanLan,男,2,
QingZong,男,2,
XuanZhao,男,2,
JinTong,男,2,
LieZhao,男,2,
PoJiao,男,2,
KuangZong,男,2,
ChiLie,男,2,
CangSun,男,2,
XiaoFeng,男,2,
LieYan,男,2,
HuQi,女,2,
BaiDiao,女,2,
QingLing,女,2,
XueYa,女,2,
ChiYu,女,2,
XuanLi,女,2,
LingZhao,女,2,
YueHu,女,2,
YinLin,女,2,
ShuangTi,女,2,
YunHao,女,2,
RongWei,女,2,
JinHu,女,2,
QingTi,女,2,
LianGuang,男,3,
CangLang,男,3,
ZeYuan,男,3,
HaoChuan,男,3,
PoZhou,男,3,
JuanShi,男,3,
XiYuan,男,3,
HanZhou,男,3,
LingYao,男,3,
YiCen,男,3,
SongYue,男,3,
CenYu,男,3,
ManLin,女,3,
LuoYi,女,3,
LianYue,女,3,
HanYan,女,3,
QinBo,女,3,
CuiBo,女,3,
ManJia,女,3,
TingLan,女,3,
TanGe,女,3,
JuanYue,女,3,
LiNing,女,3,
XiaoRan,女,3,
XueLiao,男,4,
FenPo,男,4,
HuiMie,男,4,
MoChuan,男,4,
JueChen,男,4,
YanLi,男,4,
ShuoHan,男,4,
XieFeng,男,4,
GuiXu,男,4,
XiuGu,男,4,
ShuoYue,男,4,
ZhiGe,男,4,
HanLing,女,4,
ShuangYao,女,4,
QiGe,女,4,
SuYuan,女,4,
JiNing,女,4,
DaiHun,女,4,
SuMeng,女,4,
LingXue,女,4,
LinLong,女,4,
JiYue,女,4,
KuangYin,女,4,
NingLan,女,4,
AnLan,男,5,
JiKuo,男,5,
GuiXia,男,5,
YeJin,男,5,
HuanSuo,男,5,
CanFeng,男,5,
AnXian,男,5,
YingZha,男,5,
YouGou,男,5,
DuanXian,男,5,
QianNi,男,5,
MiZong,男,5,
XuanZan,女,5,
ShuangXiao,女,5,
XianLuo,女,5,
SuiYu,女,5,
YingShang,女,5,
QingXian,女,5,
NingDai,女,5,
NingYan,女,5,
LengEr,女,5,
SuSha,女,5,
LinChai,女,5,
HanXiu,女,5,
LiuYan,男,6,
ChiYe,男,6,
ZhangMo,男,6,
GuiZhou,男,6,
MuCheng,男,6,
YuanCi,男,6,
XingZhi,男,6,
QingHan,男,6,
ChenXiang,男,6,
YeHe,男,6,
ChengFeng,男,6,
WanXin,女,6,
QingRou,女,6,
ShuYing,女,6,
RuMeng,女,6,
QiNian,女,6,
XiXiang,女,6,
MuXue,女,6,
QingCheng,女,6,
FeiYan,女,6,
WanQing,女,6,
SuXiu,女,6,
JiMei,女,6,
ChouMou,女,6,
JingYan,女,6,
AnPo,男,7,
JingChuan,男,7,
JiYang,男,7,
JiHeng,男,7,
LiJia,男,7,
ShuoFeng,男,7,
HaoGe,男,7,
QiGuang,男,7,
MoShi,男,7,
QiFeng,男,7,
YinCe,男,7,
DingPo,男,7,
QingNing,女,7,
SuLing,女,7,
JingShuang,女,7,
ChengXin,女,7,
JiXue,女,7,
AnQi,女,7,
JingYue,女,7,
NingZhi,女,7,
DaoLing,女,7,
MingHuai,女,7,
CaiJi,女,7,
DingHan,女,7,
ShiYing,男,8,
WuCang,男,8,
JueXiang,男,8,
DuanHen,男,8,
YingYuan,男,8,
AnXing,男,8,
QianZong,男,8,
PoYin,男,8,
MiWu,男,8,
KongChan,男,8,
DuanNian,男,8,
LieXi,男,8,
YingLing,女,8,
AnLuo,女,8,
ShuangXiao,女,8,
SuLu,女,8,
XuanQi,女,8,
NingDeng,女,8,
LingLan,女,8,
LinLing,女,8,
ShuoHua,女,8,
MoYin,女,8,
XiaoCen,女,8,
LingGe,女,8,
ChiHeng,男,9,
QingPing,男,9,
WenJia,男,9,
LiQi,男,9,
TongHeng,男,9,
WenDao,男,9,
LiShi,男,9,
HengZhun,男,9,
ShouYue,男,9,
ZhuJiang,男,9,
ZhuHeng,男,9,
GuSuan,男,9,
SuLan,女,9,
MingHeng,女,9,
QiaoXin,女,9,
QingFan,女,9,
LingZhou,女,9,
GuanXing,女,9,
HengLing,女,9,
XingCha,女,9,
ZhiNi,女,9,
CaiLing,女,9,
YunQiao,女,9,
JiXing,女,9,
YanQiu,女,9,
XiangJi,女,9,
HuiLan,女,9,
YinSuo,女,9,
HangXin,女,9,
LingXu,男,1,
JianChen,男,1,
HaoRan,男,1,
ZhangFeng,男,1,
WenTian,男,1,
DuanYue,男,1,
LiuYun,男,1,
ShouXin,男,1,
JianMing,男,1,
TianFeng,男,1,
AoXue,男,1,
HanSong,男,1,
BaoPu,男,1,
GuiZhen,男,1,
JueYun,男,1,
PoWang,男,1,
ChengTian,男,1,
YuKong,男,1,
LingJue,男,1,
JianChi,男,1,
DuXing,男,1,
CangSong,男,1,
JinJie,男,1,
WenJian,男,1,
YiYun,男,1,
ZhiShui,男,1,
HanFeng,男,1,
GuJian,男,1,
LingShuang,男,1,
CheKong,男,1,
JueChen,男,1,
YiJian,男,1,
XiMo,男,1,
CangFeng,男,1,
ZheMei,男,1,
FuJian,男,1,
TingFeng,男,1,
GuanHai,男,1,
WenXin,男,1,
QiuDao,男,1,
HanMei,女,1,
JianWu,女,1,
QingLian,女,1,
YunShu,女,1,
TingYu,女,1,
RuoYun,女,1,
LingYun,女,1,
WenXin,女,1,
ShuangXue,女,1,
AoMei,女,1,
QingXin,女,1,
LingBo,女,1,
ZhiRuo,女,1,
HuaiRou,女,1,
TingJian,女,1,
WuJian,女,1,
NingJian,女,1,
BingQing,女,1,
YuJie,女,1,
XiaoYue,女,1,
HanShuang,女,1,
LingYan,女,1,
MengJian,女,1,
YiRou,女,1,
ZhiLan,女,1,
QingWei,女,1,
HanXiang,女,1,
JianLan,女,1,
AoShuang,女,1,
LingYue,女,1,
FuXue,女,1,
WanJian,女,1,
QingSi,女,1,
RuoXue,女,1,
HanYan,女,1,
RuBing,女,1,
AoZhu,女,1,
QingYing,女,1,
JueChen,女,1,
XinJian,女,1,
KuangShi,男,2,
LongYa,男,2,
ManNiu,男,2,
YingYan,男,2,
XueLang,男,2,
ZhenShan,男,2,
TieBi,男,2,
LiaoYa,男,2,
HuXiao,男,2,
BaoBen,男,2,
XiongLi,男,2,
YuanTi,男,2,
LangGu,男,2,
YingYang,男,2,
ShiHou,男,2,
KuangZhan,男,2,
ShouXin,男,2,
NuTao,男,2,
LieDi,男,2,
SuiYan,男,2,
BaTian,男,2,
KuangMang,男,2,
XiJiao,男,2,
EYa,男,2,
PengFei,男,2,
TanLang,男,2,
PoJun,男,2,
QiSha,男,2,
BaoXiong,男,2,
DuYa,男,2,
KuangGu,男,2,
HuangYao,男,2,
LingShe,女,2,
QueYu,女,2,
LuMing,女,2,
MaoYing,女,2,
FengCi,女,2,
DieYi,女,2,
YanWu,女,2,
HuLing,女,2,
BaiLu,女,2,
QingLuan,女,2,
ZhuQue,女,2,
YinHu,女,2,
LingMao,女,2,
JinLi,女,2,
CuiNiao,女,2,
LingXi,女,2,
YouLu,女,2,
FeiYan,女,2,
LingHe,女,2,
DanDing,女,2,
JinLing,女,2,
CuiYu,女,2,
BanLan,女,2,
XiaoYue,女,2,
LingHu,女,2,
MeiMao,女,2,
SheWu,女,2,
ZhuEr,女,2,
XieNiang,女,2,
CaiDie,女,2,
JinCan,女,2,
YuChan,女,2,
LingBei,女,2,
JiaoZhu,女,2,
LanCang,男,3,
JingMing,男,3,
HanTan,男,3,
ShenLan,男,3,
TingChao,男,3,
WuYa,男,3,
BingFeng,男,3,
LiuShui,男,3,
HanHai,男,3,
YuanMo,男,3,
ChenYuan,男,3,
FuGuang,男,3,
LveYing,男,3,
JingHua,男,3,
ShuiYue,男,3,
HanJiang,男,3,
GuFan,男,3,
YuanYing,男,3,
BiBo,男,3,
LianYi,男,3,
QingLiu,男,3,
JiLang,男,3,
JingTao,男,3,
HaiLang,男,3,
BingLeng,男,3,
ShuangDong,男,3,
XuePiao,男,3,
WuSuo,男,3,
YunShen,男,3,
QianLong,男,3,
ShenYuan,男,3,
HaiKuo,男,3,
TianQing,男,3,
YuXie,男,3,
ChaoSheng,男,3,
XiLuo,男,3,
BingHe,男,3,
XueFeng,男,3,
HanLu,男,3,
LianYi,女,3,
ShuiYue,女,3,
WuSha,女,3,
BingJie,女,3,
LuZhu,女,3,
HaiYue,女,3,
QingXi,女,3,
YuFei,女,3,
HuanSha,女,3,
CaiLian,女,3,
NongChao,女,3,
TaLang,女,3,
QianYou,女,3,
FuShui,女,3,
JingXin,女,3,
ShuiLing,女,3,
BingPo,女,3,
XueHun,女,3,
ShuangEr,女,3,
LuEr,女,3,
YuEr,女,3,
YunEr,女,3,
WuEr,女,3,
YanEr,女,3,
MiaoEr,女,3,
MiaoEr,女,3,
XiangJun,女,3,
XiangFei,女,3,
LuoShen,女,3,
MiFei,女,3,
BingXin,女,3,
XueEr,女,3,
HaiLan,女,3,
JiangYue,女,3,
HuGuang,女,3,
XiYue,女,3,
QuanYun,女,3,
YuHe,女,3,
LuHua,女,3,
ShuangYue,女,3,
KuGu,男,4,
LiHun,男,4,
XueSha,男,4,
WuChang,男,4,
SangZhong,男,4,
MuBei,男,4,
GuiHuo,男,4,
XiuLuo,男,4,
YanLuo,男,4,
PanGuan,男,4,
GouHun,男,4,
ShePo,男,4,
YinYang,男,4,
ShengSi,男,4,
LunHui,男,4,
NaiHe,男,4,
WangChuan,男,4,
HuangQuan,男,4,
BiLuo,男,4,
YouMing,男,4,
LuoCha,男,4,
YeCha,男,4,
WangLiang,男,4,
ChiMei,男,4,
TaoTie,男,4,
HuiJin,男,4,
CanHun,男,4,
DuanPo,男,4,
JueMing,男,4,
ZhuiHun,男,4,
SuoMing,男,4,
WuShe,男,4,
TianFa,男,4,
DiZang,男,4,
YouLan,女,4,
GuiJi,女,4,
BiAn,女,4,
WangChuan,女,4,
MengPo,女,4,
YinLing,女,4,
GuXiang,女,4,
XueQiang,女,4,
YanGui,女,4,
QianNv,女,4,
YouHun,女,4,
LiHun,女,4,
SuoMing,女,4,
ZhuiHun,女,4,
DuoPo,女,4,
MiHun,女,4,
YinHou,女,4,
GuiMu,女,4,
GuNv,女,4,
YinFeng,女,4,
ChouYun,女,4,
MingZhu,女,4,
LingFan,女,4,
HunLing,女,4,
ShiXiang,女,4,
XueMei,女,4,
GuJi,女,4,
YinYue,女,4,
GuiMei,女,4,
JueXian,男,5,
YingSha,男,5,
TianJi,男,5,
GuiShou,男,5,
LianHuan,男,5,
PoJia,男,5,
TouGu,男,5,
SuoMing,男,5,
WuYing,男,5,
ZhuiFeng,男,5,
DuoMing,男,5,
ChuanXin,男,5,
FengHou,男,5,
JianXue,男,5,
BiSha,男,5,
JueSha,男,5,
ShunSha,男,5,
YanShi,男,5,
ShenJi,男,5,
MiaoSuan,男,5,
GuiGu,男,5,
QianJi,男,5,
BaiLian,男,5,
ShenGong,男,5,
TianGong,男,5,
QiaoDuo,男,5,
DuoTian,男,5,
ZaoHua,男,5,
DingHun,男,5,
LieShi,男,5,
ChuanYun,男,5,
PoFeng,男,5,
JingLei,男,5,
PiLi,男,5,
LeiHuo,男,5,
AnLei,男,5,
FuJi,男,5,
DuCi,女,5,
YinNiang,女,5,
LuoWang,女,5,
QianJi,女,5,
XiuJian,女,5,
SiYu,女,5,
AnXiang,女,5,
GuiSi,女,5,
DuYa,女,5,
SheXie,女,5,
YingSu,女,5,
ManTuo,女,5,
JianXue,女,5,
HanSha,女,5,
SheYing,女,5,
LiHua,女,5,
SanHua,女,5,
FeiZhen,女,5,
ZhiLuo,女,5,
ZhuWang,女,5,
ChanMian,女,5,
FuLing,女,5,
KunShou,女,5,
SuoXin,女,5,
FengYin,女,5,
WuYing,女,5,
WuZong,女,5,
WuSheng,女,5,
WuXi,女,5,
DuoHun,女,5,
ShePo,女,5,
MiXiang,女,5,
RuanJin,女,5,
DuanChang,女,5,
JueQing,女,5,
XiHua,男,6,
ZuiYue,男,6,
DuoQing,男,6,
XunFang,男,6,
FengLiu,男,6,
YuLang,男,6,
ChunSheng,男,6,
MengHui,男,6,
ChiQing,男,6,
JueQing,男,6,
LiuQing,男,6,
ZhongQing,男,6,
ZhaoLu,男,6,
WanXia,男,6,
CaiYun,男,6,
ZhuiYue,男,6,
ZhaiXing,男,6,
NongYu,男,6,
ChuiXiao,男,6,
FuQin,男,6,
TingQu,男,6,
ShangWu,男,6,
PinMing,男,6,
LianXiang,男,6,
XiYu,男,6,
HuHua,男,6,
FengYue,男,6,
XiaoYao,男,6,
MeiEr,女,6,
QingGuo,女,6,
HanXiu,女,6,
ZuiYan,女,6,
HongDou,女,6,
XiangSi,女,6,
HuaKui,女,6,
LianYue,女,6,
XiuHua,女,6,
BiYue,女,6,
ChenYu,女,6,
LuoYan,女,6,
JueSe,女,6,
TianXiang,女,6,
GuoSe,女,6,
YaoRao,女,6,
WuMei,女,6,
DongRen,女,6,
ChunXin,女,6,
FangXin,女,6,
ChiXin,女,6,
BingXin,女,6,
RuHuan,女,6,
RuShi,女,6,
RuHua,女,6,
JiaRen,女,6,
HongYan,女,6,
JueDai,女,6,
FengHua,女,6,
ZhenShan,男,7,
FuMo,男,7,
TieBi,男,7,
JinGang,男,7,
DingHai,男,7,
WeiDao,男,7,
ZhengYang,男,7,
BuHuai,男,7,
PanShi,男,7,
TaiShan,男,7,
BuDong,男,7,
RuShan,男,7,
WeiE,男,7,
XiongWei,男,7,
ZhuangGuan,男,7,
SuMu,男,7,
ZhuangYan,男,7,
WeiWu,男,7,
LinRan,男,7,
HaoDa,男,7,
HongDa,男,7,
KuanGuang,男,7,
BoDa,男,7,
JingShen,男,7,
HouDe,男,7,
ZaiWu,男,7,
KunYuan,男,7,
QianYuan,男,7,
HuFa,男,7,
QieLan,男,7,
WeiTuo,男,7,
TianWang,男,7,
LiShi,男,7,
LuoHan,男,7,
ZunZhe,男,7,
XingZhe,男,7,
JueZhe,男,7,
ZhiZhe,男,7,
ShouLing,女,7,
AnHun,女,7,
JingShi,女,7,
CiHang,女,7,
BaoXiang,女,7,
JinLing,女,7,
DingXin,女,7,
ShengJie,女,7,
FanYin,女,7,
ChanXin,女,7,
JingTu,女,7,
LianHua,女,7,
PuTi,女,7,
BoRe,女,7,
ZhiHui,女,7,
YuanMan,女,7,
MiaoFa,女,7,
ZhenRu,女,7,
FaXing,女,7,
FoXing,女,7,
JueWu,女,7,
NiePan,女,7,
JiMie,女,7,
WuWei,女,7,
XuYing,男,8,
TunTian,男,8,
JueYing,男,8,
WuSheng,男,8,
YeXing,男,8,
MoCe,男,8,
HuanMie,男,8,
KongWu,男,8,
XuKong,男,8,
WuJi,男,8,
AnYe,男,8,
QianXing,男,8,
FuJi,男,8,
ShunYi,男,8,
YingDun,男,8,
GuiBu,男,8,
MoZong,男,8,
XieYing,男,8,
MingKong,男,8,
WuWang,男,8,
WuXiang,男,8,
MeiYing,女,8,
YeMei,女,8,
WuXing,女,8,
HuanYin,女,8,
YouMeng,女,8,
YingWu,女,8,
HeiSha,女,8,
XuLing,女,8,
MengYan,女,8,
MengMo,女,8,
MengHuan,女,8,
PaoYing,女,8,
JingHua,女,8,
HaiShi,女,8,
ShenLou,女,8,
KongHua,女,8,
MiLi,女,8,
HuangHu,女,8,
YouAn,女,8,
HuiSe,女,8,
MengLong,女,8,
YinYue,女,8,
PiaoMiao,女,8,
MiZong,女,8,
HuanYing,女,8,
BaoTong,男,9,
YuanHang,男,9,
DaGuan,男,9,
TongDa,男,9,
HongTu,男,9,
WeiYe,男,9,
HuiTong,男,9,
TianXia,男,9,
JinShan,男,9,
YinHai,男,9,
JuBao,男,9,
ZhuEr,女,9,
YuRun,女,9,
JinXiu,女,9,
BaoZhu,女,9,
YingYing,女,9,
RuiCai,女,9,
JinYu,女,9,
LinLang,女,9,
MaNao,女,9,
FeiCui,女,9,
LiuLi,女,9,
HuPo,女,9,
ShanHu,女,9,
DaiMao,女,9,
ZhenZhu,女,9,
BaoShi,女,9,
ZuanShi,女,9,
ShuiJing,女,9,
HuangJin,女,9,
BaiYin,女,9,
FengYing,女,9,
CaiXia,女,9,
YunJin,女,9,
TianSun,女,9,
ZhiNv,女,9,
QiaoShou,女,9,
JinZhi,女,9,
YuYe,女,9,
GuiXiu,女,9,
FengFan,女,9,
Tian,男,,
Xuan,男,,
Dao,男,,
Zhen,男,,
Yuan,男,,
Ji,男,,
Xiao,男,,
Hao,男,,
Qiong,男,,
Cang,男,,
Feng,男,,
Yun,男,,
Lei,男,,
Ting,男,,
Dian,男,,
Yan,男,,
Lie,男,,
Bing,男,,
Han,男,,
Shuang,男,,
Feng,男,,
Rui,男,,
Gang,男,,
Zheng,男,,
Mang,男,,
Jian,男,,
Ji,男,,
Ge,男,,
Zhan,男,,
Kuang,男,,
Shan,男,,
Feng,男,,
Chuan,男,,
Hai,男,,
Tao,男,,
Yue,男,,
Lan,男,,
Ze,男,,
Yan,男,,
Chen,男,,
Xiu,男,,
Jie,男,,
Jun,男,,
Lang,男,,
Yi,男,,
Xiao,男,,
Yao,男,,
Yin,男,,
Ce,男,,
Heng,男,,
Bo,男,,
Yi,男,,
Heng,男,,
Jian,男,,
Gang,男,,
Meng,男,,
Wei,男,,
Ba,男,,
Xiong,男,,
Zhen,男,,
Xue,女,,
Shuang,女,,
Yu,女,,
Lu,女,,
Wu,女,,
Yan,女,,
Xia,女,,
Yun,女,,
Yue,女,,
Xi,女,,
Lian,女,,
Lan,女,,
Mei,女,,
Zhu,女,,
Wei,女,,
Zhi,女,,
Yun,女,,
Ling,女,,
Rui,女,,
Rong,女,,
Yu,女,,
Yao,女,,
Lin,女,,
Xuan,女,,
Ji,女,,
Huan,女,,
Pei,女,,
Zhu,女,,
Cui,女,,
Ying,女,,
Rou,女,,
Yi,女,,
Ya,女,,
Jing,女,,
Ning,女,,
Chun,女,,
Yue,女,,
Huan,女,,
Mei,女,,
Yan,女,,
Ying,女,,
Huan,女,,
Meng,女,,
Yin,女,,
Yun,女,,
Qi,女,,
Dai,女,,
Qing,女,,
Lan,女,,
Zi,女,,
Jin,女,,
Xiu,女,,
Shan,女,,
Fei,女,,
Wan,女,,
Ting,女,,
Xian,女,,
Shu,女,,
Hui,女,,
Zhen,女,,
